{"_step":15999,"train_loss":0.11549662798643112,"valid_loss":0.7689086397488912,"valid_acc":0.37719298245614036,"_timestamp":1.7630062582177181e+09,"_wandb":{"runtime":21},"_runtime":21}