{"valid_acc":0.9649122807017544,"_timestamp":1.763005533338909e+09,"_step":399,"train_loss":0.0008308870601467788,"_wandb":{"runtime":2},"_runtime":2,"valid_loss":0.2681092655407714}