{"valid_loss":0.39858804265366,"_wandb":{"runtime":2},"_runtime":2,"valid_acc":0.9736842105263158,"_timestamp":1.763005528761844e+09,"_step":399,"train_loss":0.00010853853018488735}