{"_wandb":{"runtime":2},"_timestamp":1.76300554288756e+09,"_step":399,"train_loss":0.1185430958867073,"valid_loss":0.09147216418856069,"valid_acc":0.9824561403508771,"_runtime":2}