{"_runtime":2,"_step":399,"train_loss":0.06387151032686234,"valid_loss":0.0883957531891371,"valid_acc":0.9912280701754386,"_timestamp":1.763006202816621e+09,"_wandb":{"runtime":2}}