{"_wandb":{"runtime":2},"_runtime":2,"valid_loss":0.11501810542846981,"valid_acc":0.9649122807017544,"_timestamp":1.763005552133282e+09,"_step":399,"train_loss":0.06595766544342041}