{"_runtime":12,"_step":1599,"train_loss":0.0033203698694705963,"valid_loss":0.15409258445888235,"valid_acc":0.9824561403508771,"_timestamp":1.763006638453732e+09,"_wandb":{"runtime":12}}