{"valid_loss":0.10475966595766838,"_runtime":2,"_wandb":{"runtime":2},"valid_acc":0.9824561403508771,"_timestamp":1.7630062073492439e+09,"_step":399,"train_loss":0.11549662798643112}