{"_runtime":2,"_step":399,"train_loss":0.0002055711520370096,"valid_loss":0.3855959004395756,"valid_acc":0.9736842105263158,"_timestamp":1.763006184360023e+09,"_wandb":{"runtime":2}}