{"_timestamp":1.763006282956228e+09,"_step":15999,"_wandb":{"runtime":22},"_runtime":22,"train_loss":0.11549662798643112,"valid_loss":0.7414052183167976,"valid_acc":0.3684210526315789}