{"train_loss":0.0879722461104393,"valid_loss":0.10258368546502632,"valid_acc":0.9649122807017544,"_timestamp":1.76300554768945e+09,"_step":399,"_runtime":2,"_wandb":{"runtime":2}}