{"valid_acc":0.9736842105263158,"_wandb":{"runtime":2},"_runtime":2,"_timestamp":1.763006193371368e+09,"_step":399,"train_loss":0.004304795525968075,"valid_loss":0.2151005197185696}