{"_wandb":{"runtime":2},"_runtime":2,"valid_acc":0.9736842105263158,"_timestamp":1.763005836359958e+09,"_step":399,"train_loss":0.16401784121990204,"valid_loss":0.09181500546503485}