{"_runtime":2,"train_loss":0.007976212538778782,"valid_loss":0.29277464203646797,"valid_acc":0.9473684210526315,"_timestamp":1.7630058223229089e+09,"_step":399,"_wandb":{"runtime":2}}