{"_runtime":2,"_timestamp":1.763005817744766e+09,"_step":399,"train_loss":0.0006384137668646872,"valid_loss":0.46294519424299596,"valid_acc":0.9649122807017544,"_wandb":{"runtime":2}}