{"_runtime":2,"_step":399,"train_loss":0.0669402927160263,"valid_loss":0.08930706298142149,"valid_acc":0.9824561403508771,"_timestamp":1.763006198381574e+09,"_wandb":{"runtime":2}}