{"train_loss":0.006987419445067644,"valid_loss":0.18513696000241397,"valid_acc":0.9736842105263158,"_timestamp":1.763005538287851e+09,"_wandb":{"runtime":2},"_runtime":2,"_step":399}