{"_timestamp":1.763006655099757e+09,"_step":1599,"_wandb":{"runtime":14},"_runtime":14,"train_loss":0.17690978944301605,"valid_loss":0.09043613569647596,"valid_acc":0.9736842105263158}