{"valid_loss":0.28623500569282395,"valid_acc":0.956140350877193,"_wandb":{"runtime":2},"_runtime":2,"_timestamp":1.763006188962592e+09,"_step":399,"train_loss":0.010936341248452663}