{"_runtime":3,"_step":399,"train_loss":0.1383734792470932,"valid_loss":0.11922578709690194,"valid_acc":0.9736842105263158,"_timestamp":1.7630058421813571e+09,"_wandb":{"runtime":3}}