{"_runtime":2,"_step":399,"train_loss":0.006634608842432499,"valid_loss":0.187901493692934,"valid_acc":0.956140350877193,"_timestamp":1.763005826716645e+09,"_wandb":{"runtime":2}}