{"_wandb":{"runtime":3},"_runtime":3,"train_loss":0.03371274098753929,"valid_loss":0.089710599301677,"valid_acc":0.9824561403508771,"_timestamp":1.7630058317056582e+09,"_step":399}